,Name,Category
0,"American Tourister Casual Backpack4.1 out of 5 stars 37,1084 offers from ₹999.00","Bestsellers in Bags, Wallets and Luggage"
1,"GLUN Bolt Electronic Portable Fishing Hook Type Digital LED Screen Luggage Weighing Scale, 50 kg/110 Lb (Black)3.9 out of 5 stars 12,4562 offers from ₹229.00","Bestsellers in Bags, Wallets and Luggage"
2,"WILDHORN® Carter Leather Wallet for Men (Black Croco)4.0 out of 5 stars 17,8962 offers from ₹427.00","Bestsellers in Bags, Wallets and Luggage"
3,"SAFARI 15 Ltrs Sea Blue Casual/School/College Backpack (DAYPACKNEO15CBSEB)4.0 out of 5 stars 12,2744 offers from ₹320.00","Bestsellers in Bags, Wallets and Luggage"
4,"Priority Disney Princess Belle 25 litres Yellow & Pink Polyester School Bag | Casual Bags | for Girls, Kids Backpack (Fairy 007)3.8 out of 5 stars 8,9371 offer from ₹475.00","Bestsellers in Bags, Wallets and Luggage"
5,"Mi Step Out 12 L Mini Backpack (Small Size, Black, Water Repellant)4.2 out of 5 stars 2,4212 offers from ₹249.00","Bestsellers in Bags, Wallets and Luggage"
6,"HIT Anti Mosquito Racquet Rechargeable Insect Killer Bat with LED Light, Black4.1 out of 5 stars 79,7007 offers from ₹498.00",Bestsellers in Garden & Outdoors
7,"Classic Mosquito Net, Polyester, Foldable for Double Bed, Strong 30GSM, PVC Coated Steel - King Size, Blue4.3 out of 5 stars 41,1571 offer from ₹996.00",Bestsellers in Garden & Outdoors
8,"HIT Anti Roach Gel - Cockroach Killer | Kitchen Safe | Odourless | Fast and Convenient (20g)4.1 out of 5 stars 34,38736 offers from ₹199.00",Bestsellers in Garden & Outdoors
9,"HIT Flying Insect Killer - Mosquito & Fly Killer Spray | Instant Kill | Protection from Dengue & Malaria, 625ml4.4 out of 5 stars 8,99931 offers from ₹178.00",Bestsellers in Garden & Outdoors
10,"Good knight Mosquito Net for Double Bed, King-Size, Strong 30GSM net, High Durability, Foldable, Corrosion Resistant, Lightweight - Red4.2 out of 5 stars 4,2651 offer from ₹1,199.00",Bestsellers in Garden & Outdoors
11,"Good knight Power Activ+ Liquid Vapourizer Refill | with 2X Power for Complete Protection | Pack of 6 (45ml each)4.4 out of 5 stars 19,1295 offers from ₹392.00",Bestsellers in Garden & Outdoors
12,"Mi Smart Band 5 – India’s No. 1 Fitness Band, 1.1"" (2.8 cm) AMOLED Color Display, Magnetic Charging, 2 Weeks Battery Life, Personal Activity Intelligence (PAI), Women’s Health Tracking (Black)4.3 out of 5 stars 63,6174 offers from ₹1,999.00","Bestsellers in Sports, Fitness & Outdoors"
13,"VIFITKIT Anti-Skid Yoga Mat with Carry Bag for Home Gym & Outdoor Workout for Men & Women3.9 out of 5 stars 13,4118 offers from ₹397.00","Bestsellers in Sports, Fitness & Outdoors"
14,"Yonex Mavis 350 Nylon Shuttlecock (Pack of 6) - Made in Japan4.1 out of 5 stars 21,37220 offers from ₹999.00","Bestsellers in Sports, Fitness & Outdoors"
15,"OnePlus Smart Band: 13 Exercise Modes, Blood Oxygen Saturation (SpO2), Heart Rate & Sleep Tracking, 5ATM+Water & Dust Resistant( Android & iOS Compatible)4.1 out of 5 stars 20,6014 offers from ₹1,699.00","Bestsellers in Sports, Fitness & Outdoors"
16,"Nivia Storm Football - Size 54.0 out of 5 stars 29,70168 offers from ₹403.00","Bestsellers in Sports, Fitness & Outdoors"
17,"OJS ® EVA Yoga Mat with Carrying Bag for Gym Workout and Yoga Exercise with 6mm Thickness, Anti-Slip Yoga Mat for Men & Women Fitness (Made in India)3.9 out of 5 stars 8,03810 offers from ₹185.00","Bestsellers in Sports, Fitness & Outdoors"
18,"AmazonBasics Extended Gaming Mouse Pad,Black4.5 out of 5 stars 37,9871 offer from ₹499.00",Bestsellers in Video Games
19,"Rs.500 Sony PlayStation Network Wallet Top-Up (Email Delivery in 1 hour- Digital Voucher Code)Sony Interactive Entertainment Europe4.7 out of 5 stars 3,327PlayStation 41 offer from ₹500.00",Bestsellers in Video Games
20,"Rs.1000 Sony PlayStation Network Wallet Top-Up (Email Delivery in 1 hour- Digital Voucher Code)Sony Interactive Entertainment Europe4.7 out of 5 stars 3,308PlayStation 41 offer from ₹1,000.00",Bestsellers in Video Games
21,"INR 500 Steam Wallet Code (Digital Code- Email Delivery within 2 hours)Valve Corporation4.8 out of 5 stars 1,361PlayStation 41 offer from ₹500.00",Bestsellers in Video Games
22,"PlayStation Plus: 1 Month Membership Card (Email Delivery in 1 hour- Digital Voucher Code)Sony Interactive Entertainment Europe4.7 out of 5 stars 3,562PlayStation 41 offer from ₹499.00",Bestsellers in Video Games
23,"Rs.2000 Sony PlayStation Network Wallet Top-Up (Email Delivery in 1 hour- Digital Voucher Code)Sony Interactive Entertainment Europe4.7 out of 5 stars 781PlayStation 41 offer from ₹2,000.00",Bestsellers in Video Games
24,Rare Gems - R.D.Burman (8 GB)RARE GEMS - R.D.BURMAN3.8 out of 5 stars 37USB Memory Stick1 offer from ₹749.00,Bestsellers in Music
25,The Finest Moments - Mohammed Rafi (8 GB)MOHAMMED RAFI3.9 out of 5 stars 49USB Memory Stick1 offer from ₹799.00,Bestsellers in Music
26,"Hell Freezes OverThe Eagles4.8 out of 5 stars 934Vinyl1 offer from ₹4,995.00",Bestsellers in Music
27,Schubert: the 8 SymphoniesBohm4.7 out of 5 stars 58Audio CD,Bestsellers in Music
28,Music Card: Ghazal Kings (4 GB)Ghulam Ali and Mehdi Hassan3.6 out of 5 stars 22USB Memory Stick1 offer from ₹675.00,Bestsellers in Music
29,ANDAAZ MOHABBAT KA - HUM INTEZAR KARENGE TERA QYAMAT TAKDVD1 offer from ₹99.00,Bestsellers in Music
30,"boAt Bassheads 100 in Ear Wired Earphones with Mic(Black)4.1 out of 5 stars 3,13,0562 offers from ₹299.00",Bestsellers in Electronics
31,"Samsung Galaxy M33 5G (Deep Ocean Blue, 6GB, 128GB Storage) | 5nm Processor | 6000mAh Battery | Voice Focus | Upto 12GB RAM with RAM Plus1 offer from ₹17,999.00",Bestsellers in Electronics
32,"OnePlus Bullets Wireless Z2 Bluetooth in Ear Earphones with mic, Bombastic Bass – 12.4 mm Drivers, 10 Mins Charge – 20 Hrs Music, 30 Hrs Battery Life, IP55 Dust & Water Resistant (Magico Black)4.3 out of 5 stars 1,00,3611 offer from ₹2,299.00",Bestsellers in Electronics
33,"boAt Airdopes 141 True Wireless Earbuds with 42H Playtime, Beast Mode(Low Latency Upto 80ms) for Gaming, ENx Tech, ASAP Charge, IWP, IPX4 Water Resistance, Smooth Touch Controls(Bold Black)3.9 out of 5 stars 52,2931 offer from ₹1,499.00",Bestsellers in Electronics
34,"Samsung Galaxy M33 5G (Mystique Green, 6GB, 128GB Storage) | 5nm Processor | 6000mAh Battery | Voice Focus | Upto 12GB RAM with RAM Plus1 offer from ₹17,999.00",Bestsellers in Electronics
35,"OnePlus Nord CE 2 5G (Bahamas Blue, 8GB RAM, 128GB Storage)4.3 out of 5 stars 7,7581 offer from ₹24,999.00",Bestsellers in Electronics
